{"web":{"client_id":"904272997623-0hqt0v01euicuveujqfus9bbs6drjqn4.apps.googleusercontent.com","project_id":"portfolio-raka","auth_uri":"https://accounts.google.com/o/oauth2/auth","token_uri":"https://oauth2.googleapis.com/token","auth_provider_x509_cert_url":"https://www.googleapis.com/oauth2/v1/certs","client_secret":"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","redirect_uris":["http://localhost/portfolio/admin/index.php","http://localhost/portfolio/admin/documentBank.php"],"javascript_origins":["http://localhost"]}}